-- MySqlBackup.NET 2.0.9.3
-- Dump Time: 2016-11-28 13:57:58
-- --------------------------------------
-- Server version 5.6.30-76.3-log Percona Server (GPL), Release 76.3, Revision 3850db5


/*!40101 SET @OLD_CHARACTER_SET_CLIENT=@@CHARACTER_SET_CLIENT */;
/*!40101 SET @OLD_CHARACTER_SET_RESULTS=@@CHARACTER_SET_RESULTS */;
/*!40101 SET @OLD_COLLATION_CONNECTION=@@COLLATION_CONNECTION */;
/*!40101 SET NAMES latin1 */;
/*!40014 SET @OLD_UNIQUE_CHECKS=@@UNIQUE_CHECKS, UNIQUE_CHECKS=0 */;
/*!40014 SET @OLD_FOREIGN_KEY_CHECKS=@@FOREIGN_KEY_CHECKS, FOREIGN_KEY_CHECKS=0 */;
/*!40101 SET @OLD_SQL_MODE=@@SQL_MODE, SQL_MODE='NO_AUTO_VALUE_ON_ZERO' */;
/*!40111 SET @OLD_SQL_NOTES=@@SQL_NOTES, SQL_NOTES=0 */;


-- 
-- Definition of categoria
-- 

DROP TABLE IF EXISTS `categoria`;
CREATE TABLE IF NOT EXISTS `categoria` (
  `cat_cod` int(11) NOT NULL AUTO_INCREMENT,
  `cat_nome` varchar(95) DEFAULT NULL,
  PRIMARY KEY (`cat_cod`)
) ENGINE=InnoDB AUTO_INCREMENT=12 DEFAULT CHARSET=latin1;

-- 
-- Dumping data for table categoria
-- 

/*!40000 ALTER TABLE `categoria` DISABLE KEYS */;
INSERT INTO `categoria`(`cat_cod`,`cat_nome`) VALUES
(7,'Instrumentos musicais'),
(8,'Livros'),
(9,'Moda'),
(10,'Perfumaria e Cosméticos'),
(11,'Informática');
/*!40000 ALTER TABLE `categoria` ENABLE KEYS */;

-- 
-- Definition of cliente
-- 

DROP TABLE IF EXISTS `cliente`;
CREATE TABLE IF NOT EXISTS `cliente` (
  `cli_cod` int(11) NOT NULL AUTO_INCREMENT,
  `cli_nome` varchar(45) DEFAULT NULL,
  `cli_cpfcnpj` varchar(18) DEFAULT NULL,
  `cli_rgie` varchar(15) DEFAULT NULL,
  `cli_rsocial` varchar(45) DEFAULT NULL,
  `cli_tipo` int(11) DEFAULT NULL COMMENT '0 - Pessoa Fisica\n1 - Pessoa Juridica',
  `cli_cep` varchar(9) DEFAULT NULL,
  `cli_endereco` varchar(95) DEFAULT NULL,
  `cli_bairro` varchar(40) DEFAULT NULL,
  `cli_fone` varchar(13) DEFAULT NULL,
  `cli_cel` varchar(14) DEFAULT NULL,
  `cli_email` varchar(50) DEFAULT NULL,
  `cli_endnumero` int(11) DEFAULT NULL,
  `cli_cidade` varchar(45) DEFAULT NULL,
  `cli_estado` varchar(45) DEFAULT NULL,
  PRIMARY KEY (`cli_cod`)
) ENGINE=InnoDB AUTO_INCREMENT=7 DEFAULT CHARSET=latin1;

-- 
-- Dumping data for table cliente
-- 

/*!40000 ALTER TABLE `cliente` DISABLE KEYS */;
INSERT INTO `cliente`(`cli_cod`,`cli_nome`,`cli_cpfcnpj`,`cli_rgie`,`cli_rsocial`,`cli_tipo`,`cli_cep`,`cli_endereco`,`cli_bairro`,`cli_fone`,`cli_cel`,`cli_email`,`cli_endnumero`,`cli_cidade`,`cli_estado`) VALUES
(3,'Marco Sérvio Almeida Capanema','435.539.150-72','38.873.696','',0,'32242-270','Halley','Jardim Riacho das Pedras','(83)2732-9321','(23)71923-7921','marcoservio@email.com',231,'Contagem','MG'),
(4,'Roney Cesar Capanema','482.745.737-90','46.532.693','',0,'32242-270','Halley','Jardim Riacho das Pedras','(39)8272-2092','(92)38209-3820','roneycesar@email.com',898,'Contagem','MG'),
(5,'Mirella e Nathan','19.520.482/0001-39','860.387.576.517','Mirella e Nathan Corretores Associados ME',1,'05761-200','Ernestina Ribeiro Camilo','Jardim Maria Virginia','(11)2502-3480','(11)98196-3902','treinamento@mirellanathan.com.br',968,'São Paulo','SP'),
(6,'Pedro e Thiago','96.681.137/0001-28','656.465.398.066','Pedro e Thiago Doces & Salgados Ltda',1,'11330-500','Marginal','Parque Bitaru','(13)2634-3444','(13)99514-2356','producao@pedrothiago.com.br',236,'São Vicente','SP');
/*!40000 ALTER TABLE `cliente` ENABLE KEYS */;

-- 
-- Definition of compra
-- 

DROP TABLE IF EXISTS `compra`;
CREATE TABLE IF NOT EXISTS `compra` (
  `com_cod` int(11) NOT NULL AUTO_INCREMENT,
  `com_data` datetime DEFAULT NULL,
  `com_nfiscal` int(11) DEFAULT NULL,
  `com_total` decimal(15,2) DEFAULT NULL,
  `com_nparcelas` int(11) DEFAULT NULL,
  `com_status` int(11) DEFAULT NULL,
  `for_cod` int(11) DEFAULT NULL,
  `tpa_cod` int(11) DEFAULT NULL,
  PRIMARY KEY (`com_cod`),
  KEY `R_21` (`for_cod`),
  KEY `R_24` (`tpa_cod`),
  CONSTRAINT `R_21` FOREIGN KEY (`for_cod`) REFERENCES `fornecedor` (`for_cod`) ON DELETE NO ACTION ON UPDATE NO ACTION,
  CONSTRAINT `R_24` FOREIGN KEY (`tpa_cod`) REFERENCES `tipopagamento` (`tpa_cod`) ON DELETE NO ACTION ON UPDATE NO ACTION
) ENGINE=InnoDB AUTO_INCREMENT=34 DEFAULT CHARSET=latin1;

-- 
-- Dumping data for table compra
-- 

/*!40000 ALTER TABLE `compra` DISABLE KEYS */;
INSERT INTO `compra`(`com_cod`,`com_data`,`com_nfiscal`,`com_total`,`com_nparcelas`,`com_status`,`for_cod`,`tpa_cod`) VALUES
(29,'2016-11-20 12:14:41',1,5500.20,3,0,3,1),
(30,'2016-11-20 12:14:41',2,361.30,2,0,4,1),
(31,'2016-11-20 12:14:41',3,485.70,1,0,5,1),
(32,'2016-11-20 12:14:41',4,1071.70,1,0,6,1),
(33,'2016-11-20 12:14:41',5,7782.00,5,0,7,1);
/*!40000 ALTER TABLE `compra` ENABLE KEYS */;

-- 
-- Definition of fornecedor
-- 

DROP TABLE IF EXISTS `fornecedor`;
CREATE TABLE IF NOT EXISTS `fornecedor` (
  `for_cod` int(11) NOT NULL AUTO_INCREMENT,
  `for_nome` varchar(45) DEFAULT NULL,
  `for_rsocial` varchar(45) DEFAULT NULL,
  `for_ie` varchar(15) DEFAULT NULL,
  `for_cnpj` varchar(18) DEFAULT NULL,
  `for_cep` varchar(9) DEFAULT NULL,
  `for_endereco` varchar(95) DEFAULT NULL,
  `for_bairro` varchar(95) DEFAULT NULL,
  `for_fone` varchar(13) DEFAULT NULL,
  `for_cel` varchar(14) DEFAULT NULL,
  `for_email` varchar(50) DEFAULT NULL,
  `for_endnumero` int(11) DEFAULT NULL,
  `for_cidade` varchar(45) DEFAULT NULL,
  `for_estado` varchar(45) DEFAULT NULL,
  PRIMARY KEY (`for_cod`)
) ENGINE=InnoDB AUTO_INCREMENT=8 DEFAULT CHARSET=latin1;

-- 
-- Dumping data for table fornecedor
-- 

/*!40000 ALTER TABLE `fornecedor` DISABLE KEYS */;
INSERT INTO `fornecedor`(`for_cod`,`for_nome`,`for_rsocial`,`for_ie`,`for_cnpj`,`for_cep`,`for_endereco`,`for_bairro`,`for_fone`,`for_cel`,`for_email`,`for_endnumero`,`for_cidade`,`for_estado`) VALUES
(3,'Pietro e Luana','Pietro e Luana Restaurante ME','368.095.729.990','66.225.177/0001-02','13277-540','Mário Olivo','Jardim Maracanã','(19)3613-7102','(19)98787-9487','fiscal@pietroluana.com.br',317,'Valinhos','SP'),
(4,'Eduardo e Thiago','Eduardo e Thiago Pizzaria ME','936.803.403.040','06.858.780/0001-91','18606-462','Virginia Celeste Bentivenha','Residencial Lívia ','(14)3956-0898','(14)99144-5224','representantes@eduardothiago.com.br',590,'Botucatu','SP'),
(5,'Filipe e Julio','Filipe e Julio Vidros ME','085.288.876.805','67.888.997/0001-39','13144-730','Ferro Soldera','Balneário Tropical ','(19)2697-7027','(19)98951-7317','contabil@filipejulio.com.br',270,'Paulínia','SP'),
(6,'Emanuelly e Betina','Emanuelly e Betina Transportes Ltda','668.781.226.843','06.521.367/0001-37','14706-036','José Perri','Jardim Júlia','(17)2810-2773','(17)99703-0176','fale_conosco@emanuellybetina.com.br',957,'Bebedouro','SP'),
(7,'Camila e Renato','Camila e Renato Vidros ME','358.530.520.278','63.005.766/0001-89','04040-032','Loefgreen','Vila Clementino','(11)2831-8098','(11)98621-6792','representantes@camilarenato.com.br',708,'São Paulo','SP');
/*!40000 ALTER TABLE `fornecedor` ENABLE KEYS */;

-- 
-- Definition of itenscompra
-- 

DROP TABLE IF EXISTS `itenscompra`;
CREATE TABLE IF NOT EXISTS `itenscompra` (
  `itc_cod` int(11) NOT NULL,
  `itc_qtde` float DEFAULT NULL,
  `itc_valor` decimal(15,2) DEFAULT NULL,
  `com_cod` int(11) NOT NULL,
  `pro_cod` int(11) NOT NULL,
  KEY `R_15` (`com_cod`),
  KEY `R_17` (`pro_cod`),
  CONSTRAINT `R_15` FOREIGN KEY (`com_cod`) REFERENCES `compra` (`com_cod`) ON DELETE NO ACTION ON UPDATE NO ACTION,
  CONSTRAINT `R_17` FOREIGN KEY (`pro_cod`) REFERENCES `produto` (`pro_cod`) ON DELETE NO ACTION ON UPDATE NO ACTION
) ENGINE=InnoDB DEFAULT CHARSET=latin1;

-- 
-- Dumping data for table itenscompra
-- 

/*!40000 ALTER TABLE `itenscompra` DISABLE KEYS */;
INSERT INTO `itenscompra`(`itc_cod`,`itc_qtde`,`itc_valor`,`com_cod`,`pro_cod`) VALUES
(1,6,400.00,29,5),
(2,5,620.04,29,6),
(1,5,57.00,30,7),
(2,7,10.90,30,8),
(1,4,99.00,31,9),
(2,3,29.90,31,10),
(1,8,129.90,32,11),
(2,10,3.25,32,12),
(1,3,1379.00,33,13),
(2,5,729.00,33,14);
/*!40000 ALTER TABLE `itenscompra` ENABLE KEYS */;

-- 
-- Definition of itensvenda
-- 

DROP TABLE IF EXISTS `itensvenda`;
CREATE TABLE IF NOT EXISTS `itensvenda` (
  `itv_cod` int(11) NOT NULL,
  `itv_qtde` float DEFAULT NULL,
  `itv_valor` decimal(15,2) DEFAULT NULL,
  `ven_cod` int(11) NOT NULL,
  `pro_cod` int(11) NOT NULL,
  KEY `R_13` (`ven_cod`),
  KEY `R_14` (`pro_cod`),
  CONSTRAINT `R_13` FOREIGN KEY (`ven_cod`) REFERENCES `venda` (`ven_cod`) ON DELETE NO ACTION ON UPDATE NO ACTION,
  CONSTRAINT `R_14` FOREIGN KEY (`pro_cod`) REFERENCES `produto` (`pro_cod`) ON DELETE NO ACTION ON UPDATE NO ACTION
) ENGINE=InnoDB DEFAULT CHARSET=latin1;

-- 
-- Dumping data for table itensvenda
-- 

/*!40000 ALTER TABLE `itensvenda` DISABLE KEYS */;
INSERT INTO `itensvenda`(`itv_cod`,`itv_qtde`,`itv_valor`,`ven_cod`,`pro_cod`) VALUES
(1,10,539.00,3,5),
(2,5,762.29,3,6);
/*!40000 ALTER TABLE `itensvenda` ENABLE KEYS */;

-- 
-- Definition of parcelascompra
-- 

DROP TABLE IF EXISTS `parcelascompra`;
CREATE TABLE IF NOT EXISTS `parcelascompra` (
  `pco_cod` int(11) NOT NULL,
  `pco_valor` decimal(15,2) DEFAULT NULL,
  `pco_datapagto` date DEFAULT NULL,
  `pco_datavecto` date DEFAULT NULL,
  `com_cod` int(11) NOT NULL,
  KEY `R_25` (`com_cod`),
  CONSTRAINT `R_25` FOREIGN KEY (`com_cod`) REFERENCES `compra` (`com_cod`) ON DELETE NO ACTION ON UPDATE NO ACTION
) ENGINE=InnoDB DEFAULT CHARSET=latin1;

-- 
-- Dumping data for table parcelascompra
-- 

/*!40000 ALTER TABLE `parcelascompra` DISABLE KEYS */;
INSERT INTO `parcelascompra`(`pco_cod`,`pco_valor`,`pco_datapagto`,`pco_datavecto`,`com_cod`) VALUES
(1,1833.40,NULL,'2016-11-20 00:00:00',29),
(2,1833.40,NULL,'2016-12-20 00:00:00',29),
(3,1833.40,NULL,'2017-01-20 00:00:00',29),
(1,180.65,NULL,'2016-11-20 00:00:00',30),
(2,180.65,NULL,'2016-12-20 00:00:00',30),
(1,485.70,NULL,'2016-11-20 00:00:00',31),
(1,1071.70,NULL,'2016-11-20 00:00:00',32),
(1,1556.40,NULL,'2016-11-20 00:00:00',33),
(2,1556.40,NULL,'2016-12-20 00:00:00',33),
(3,1556.40,NULL,'2017-01-20 00:00:00',33),
(4,1556.40,NULL,'2017-02-20 00:00:00',33),
(5,1556.40,NULL,'2017-03-20 00:00:00',33);
/*!40000 ALTER TABLE `parcelascompra` ENABLE KEYS */;

-- 
-- Definition of parcelasvenda
-- 

DROP TABLE IF EXISTS `parcelasvenda`;
CREATE TABLE IF NOT EXISTS `parcelasvenda` (
  `ven_cod` int(11) NOT NULL,
  `pve_cod` int(11) NOT NULL,
  `pve_valor` decimal(15,2) DEFAULT NULL,
  `pve_datapagto` date DEFAULT NULL,
  `pve_datavecto` date DEFAULT NULL,
  KEY `R_22` (`ven_cod`),
  CONSTRAINT `R_22` FOREIGN KEY (`ven_cod`) REFERENCES `venda` (`ven_cod`) ON DELETE NO ACTION ON UPDATE NO ACTION
) ENGINE=InnoDB DEFAULT CHARSET=latin1;

-- 
-- Dumping data for table parcelasvenda
-- 

/*!40000 ALTER TABLE `parcelasvenda` DISABLE KEYS */;

/*!40000 ALTER TABLE `parcelasvenda` ENABLE KEYS */;

-- 
-- Definition of produto
-- 

DROP TABLE IF EXISTS `produto`;
CREATE TABLE IF NOT EXISTS `produto` (
  `pro_cod` int(11) NOT NULL AUTO_INCREMENT,
  `pro_nome` varchar(45) DEFAULT NULL,
  `pro_descricao` text,
  `pro_valorpago` decimal(15,2) DEFAULT NULL,
  `pro_valorvenda` decimal(15,2) DEFAULT NULL,
  `pro_qtde` float DEFAULT NULL,
  `umed_cod` int(11) DEFAULT NULL,
  `cat_cod` int(11) DEFAULT NULL,
  `scat_cod` int(11) DEFAULT NULL,
  PRIMARY KEY (`pro_cod`),
  KEY `R_9` (`umed_cod`),
  KEY `R_11` (`cat_cod`),
  KEY `R_12` (`scat_cod`),
  CONSTRAINT `R_11` FOREIGN KEY (`cat_cod`) REFERENCES `categoria` (`cat_cod`) ON DELETE NO ACTION ON UPDATE NO ACTION,
  CONSTRAINT `R_12` FOREIGN KEY (`scat_cod`) REFERENCES `subcategoria` (`scat_cod`) ON DELETE NO ACTION ON UPDATE NO ACTION,
  CONSTRAINT `R_9` FOREIGN KEY (`umed_cod`) REFERENCES `undmedida` (`umed_cod`) ON DELETE NO ACTION ON UPDATE NO ACTION
) ENGINE=InnoDB AUTO_INCREMENT=15 DEFAULT CHARSET=latin1;

-- 
-- Dumping data for table produto
-- 

/*!40000 ALTER TABLE `produto` DISABLE KEYS */;
INSERT INTO `produto`(`pro_cod`,`pro_nome`,`pro_descricao`,`pro_valorpago`,`pro_valorvenda`,`pro_qtde`,`umed_cod`,`cat_cod`,`scat_cod`) VALUES
(5,'Guitarra Telecaster Memphis Preta','A Guitarra Memphis Telecaster, modelo MG 52, traz o estilo e a sonoridade da clássica guitarra desenvolvida no final dos anos 1940. Oferece 2 captadores single coil, além de uma estrutura em basswood com braço em maple. Possui, ainda, ponte fixa, 22 trastes, controle de volume e tonalidade. Este modelo ainda acompanha um cabo P10 de 3 metros.',400.00,539.00,10,19,7,10),
(6,'Violão Eletroacústico Giannini GSF-1R CEQ','Modelo: Violão Mini-Jumbo Cutaway Eletroacústico Aço; Tampo: Linden; Faixa e fundo: Linden com filete cor marfim na faixa; Braço: Nato; Tarraxas: Cromadas; Escala: Maple Escurecido; Trastes: 20 em Alpaca; Marcação: Bolinhas Brancas; Captador(es): Rastilho; Equalizador: G3T - Pré Amplificador ativo cromático eletrônico com afinador; Controles: Volume, Bass, Middle, Treble, Chave Phase e Tuner; Saída: P-10.   Dimensões Altura: 103 Cm. Largura: 49 Cm. Profundidade: 13 Cm. * Dimensões da embalagem do produto Garantia Fabricante: Giannini Tempo de garantia: 3 meses',620.04,762.29,10,19,7,11),
(7,'Armas Taurus Uma Garantia de Segurança','Vem a lume a quinta edição desta obra - revista e substantivamente ampliada,que reúne dados , especificações técnicas,gráficos, ilustrações e comentários sobre os produtos mais utilizados, com ênfase na tecnologia incorporada aos mais recentes lançamentos. Muitos dados, até agora preservados em âmbito restrito, são agora revelados aos leitores-usuários: policiais e peritos, academias de Polícia, proprietários de armas, atiradores de clubes e escolas de tiro, aficionados e estudiosos. Os saudosistas são brindados pela inclusão de todos os modelos de revólveres e pistolas já fabricados pela indústria, dando-lhes uma visão do desenvolvimento dos diversos modelos e da fabricação dos mais variados calibres.',57.00,85.00,20,19,8,12),
(8,'Diário de Um Banana - Bons Tempos','A vida era melhor antigamente. Bem, pelo menos é o que dizem. Mas Greg Heffley, um garoto bastante acostumado ao conforto do mundo moderno, não concorda muito com isso. E uma decisão polêmica vai colocar o seu paraíso tecnológico em curto-circuito: todos em sua cidade resolvem dar um tempo dos aparelhos eletrônicos. Dentro e fora de casa, Greg terá que enfrentar o dia a dia à moda antiga. Será que ele vai conseguir sobreviver do mesmo jeitinho que se fazia nos bons e velhos tempos?',10.90,36.60,20,19,8,13),
(9,'Sapatênis Boing London Polo Club','Sapatênis London Polo CLub, modelo Boing Adulto, confeccionado em couro sintético. \r\nConta com recorte diferenciado, detalhes e pespontos aparentes. \r\nInterior em material têxtil e solado em TR emborrachado. \r\n\r\nINFORMAÇÕES:\r\n\r\nMaterial Externo: Couro Sintético\r\nMaterial Interno: Têxtil\r\nMaterial externo da sola: Borracha',99.00,219.00,10,24,9,14),
(10,'Óculos enox modelo brine','Óculos enox modelo brine 1012, óculos de metal. Cor frontal marrom e dourado, cor da haste marrom',29.90,129.00,10,19,9,15),
(11,'Perfume 1 Million Paco Rabanne','1 Million EDT, feito para homens conectados, com ego alto e personalidade forte.\tO design da embalagem é perfeito: um retângulo dourado com linhas retas e simétricas com a gravação de um número de série na parte inferior, exatamente como as barras de ouro - eterno símbolo de poder para homens.\tUma fragrância leve e fresca: as primeiras notas vêm com toques de mandarina e hortelã; nas notas de coração, absoluto de rosa e canela; e nas notas de fundo, acorde de couro de âmbar. Um verdadeiro objeto de desejo e de design, o lingote ONE MILLION nos coloca agora perante um cruel dilema: desejamos mais o objeto ou a fragrância? A resposta parece ser clara: ambos.\tMarca: Paco Rabanne\tModelo: 1 Million\tEpecificações técnicas:\tTipo: Masculino.\tFamília olfativa: Oriental refrescante.\tNotas: mandarina, hortelã, absoluto de rosa, canela e couro de âmbar. ',129.90,286.95,20,10,10,16),
(12,'Kit Pincéis para Maquiagem Mundial 5 Peças','O Kit Pincéis P/ Maquiagem Mundial C/ 5 Peças é fabricado com cerdas sintéticas e macias. Quem tem paixão por maquiagem sabe que um kit de pincéis é indispensável para um bom resultado. Os pincéis dão melhor acabamento e uniformidade à maquiagem, deixando-a muito mais bela e valorizando o seu olhar. Os pincéis de maquiagem da marca Mundial são extremamente macios e agradáveis a pele.',3.25,8.90,30,19,10,17),
(13,'Notebook Lenovo Intel Dual Core 4GB 500GB','O Notebook Lenovo B4030 oferece uma configuração para uso comum com processador Intel Celeron, 4GB de memória RAM e HD com capacidade de 500GB para armazenar fotos, vídeos, músicas e instalar programas em geral. Um equipamento de alto custo/benefício com recursos que atendem às demandas e rotinas diárias dos usuários.',1379.00,1899.00,10,19,11,18),
(14,'Monitor Gamer LED 25\"','O Monitor LG 25UM58 possui tela de 25\" com painel IPS e resolução Full HD em formato UltraWide 21:9, ideal para filmes, games de última geração (traz algumas funcionalidades exclusivas como DAS, Game Mode e Black Stabilizer), ou mesmo para ter uma área de trabalho ampliada, economizando tempo em uso multitarefa.\r\n\r\nOutros recursos\r\nEste modelo traz também a função Flicker Safe para maior segurança, saúde visual e conforto durante o uso do computador e o Reader Mode que deixa a tela com um aspecto mais próximo de uma folha de papel, o que traz conforto para a leitura de textos longos, por exemplo.',729.00,1049.00,10,19,11,19);
/*!40000 ALTER TABLE `produto` ENABLE KEYS */;

-- 
-- Definition of subcategoria
-- 

DROP TABLE IF EXISTS `subcategoria`;
CREATE TABLE IF NOT EXISTS `subcategoria` (
  `scat_cod` int(11) NOT NULL AUTO_INCREMENT,
  `scat_nome` varchar(95) DEFAULT NULL,
  `cat_cod` int(11) DEFAULT NULL,
  PRIMARY KEY (`scat_cod`),
  KEY `R_10` (`cat_cod`),
  CONSTRAINT `R_10` FOREIGN KEY (`cat_cod`) REFERENCES `categoria` (`cat_cod`) ON DELETE NO ACTION ON UPDATE NO ACTION
) ENGINE=InnoDB AUTO_INCREMENT=20 DEFAULT CHARSET=latin1;

-- 
-- Dumping data for table subcategoria
-- 

/*!40000 ALTER TABLE `subcategoria` DISABLE KEYS */;
INSERT INTO `subcategoria`(`scat_cod`,`scat_nome`,`cat_cod`) VALUES
(10,'Guitarras',7),
(11,'Violões',7),
(12,'Direito',8),
(13,'Literatura Infanto-Juvenil',8),
(14,'Calçados',9),
(15,'Óculos de Sol',9),
(16,'Perfumes',10),
(17,'Maquiagem',10),
(18,'Notebook',11),
(19,'Monitores',11);
/*!40000 ALTER TABLE `subcategoria` ENABLE KEYS */;

-- 
-- Definition of tipopagamento
-- 

DROP TABLE IF EXISTS `tipopagamento`;
CREATE TABLE IF NOT EXISTS `tipopagamento` (
  `tpa_cod` int(11) NOT NULL AUTO_INCREMENT,
  `tpa_nome` varchar(35) DEFAULT NULL,
  PRIMARY KEY (`tpa_cod`)
) ENGINE=InnoDB AUTO_INCREMENT=8 DEFAULT CHARSET=latin1;

-- 
-- Dumping data for table tipopagamento
-- 

/*!40000 ALTER TABLE `tipopagamento` DISABLE KEYS */;
INSERT INTO `tipopagamento`(`tpa_cod`,`tpa_nome`) VALUES
(1,'Cartão de Credito'),
(2,'Cartão de Debito'),
(3,'Dinheiro'),
(5,'Cheque'),
(6,'Transferência Bancária'),
(7,'Boleto Bancário');
/*!40000 ALTER TABLE `tipopagamento` ENABLE KEYS */;

-- 
-- Definition of undmedida
-- 

DROP TABLE IF EXISTS `undmedida`;
CREATE TABLE IF NOT EXISTS `undmedida` (
  `umed_cod` int(11) NOT NULL AUTO_INCREMENT,
  `umed_nome` varchar(35) DEFAULT NULL,
  PRIMARY KEY (`umed_cod`)
) ENGINE=InnoDB AUTO_INCREMENT=25 DEFAULT CHARSET=latin1;

-- 
-- Dumping data for table undmedida
-- 

/*!40000 ALTER TABLE `undmedida` DISABLE KEYS */;
INSERT INTO `undmedida`(`umed_cod`,`umed_nome`) VALUES
(1,'Metro'),
(2,'Centimetro'),
(3,'Grande'),
(4,'Pequeno'),
(5,'Medio'),
(6,'Area'),
(7,'Volume'),
(8,'Milimetro'),
(9,'Comprimento'),
(10,'Mililitros'),
(11,'Gramas'),
(12,'PP'),
(13,'P'),
(14,'M'),
(15,'G'),
(16,'GG'),
(17,'XG'),
(18,'Metros Cubicos'),
(19,'Unidade'),
(20,'41'),
(21,'42'),
(22,'43'),
(23,'44'),
(24,'40');
/*!40000 ALTER TABLE `undmedida` ENABLE KEYS */;

-- 
-- Definition of venda
-- 

DROP TABLE IF EXISTS `venda`;
CREATE TABLE IF NOT EXISTS `venda` (
  `ven_cod` int(11) NOT NULL AUTO_INCREMENT,
  `ven_data` datetime DEFAULT NULL,
  `ven_nfiscal` int(11) DEFAULT NULL,
  `ven_total` decimal(15,2) DEFAULT NULL,
  `ven_nparcelas` int(11) DEFAULT NULL,
  `ven_status` int(11) DEFAULT NULL,
  `cli_cod` int(11) DEFAULT NULL,
  `tpa_cod` int(11) DEFAULT NULL,
  `ven_avista` int(11) DEFAULT NULL,
  PRIMARY KEY (`ven_cod`),
  KEY `R_20` (`cli_cod`),
  KEY `R_23` (`tpa_cod`),
  CONSTRAINT `R_20` FOREIGN KEY (`cli_cod`) REFERENCES `cliente` (`cli_cod`) ON DELETE NO ACTION ON UPDATE NO ACTION,
  CONSTRAINT `R_23` FOREIGN KEY (`tpa_cod`) REFERENCES `tipopagamento` (`tpa_cod`) ON DELETE NO ACTION ON UPDATE NO ACTION
) ENGINE=InnoDB AUTO_INCREMENT=4 DEFAULT CHARSET=latin1;

-- 
-- Dumping data for table venda
-- 

/*!40000 ALTER TABLE `venda` DISABLE KEYS */;
INSERT INTO `venda`(`ven_cod`,`ven_data`,`ven_nfiscal`,`ven_total`,`ven_nparcelas`,`ven_status`,`cli_cod`,`tpa_cod`,`ven_avista`) VALUES
(3,'2016-11-24 20:00:08',1,9201.45,5,0,3,1,1);
/*!40000 ALTER TABLE `venda` ENABLE KEYS */;

-- 
-- Dumping triggers
-- 

DROP TRIGGER /*!50030 IF EXISTS */ `trIncrementaEstoqueItensCompra`;
DELIMITER |
CREATE TRIGGER trIncrementaEstoqueItensCompra AFTER INSERT
ON itenscompra
FOR EACH ROW
BEGIN
	
    SET @qtde = (SELECT itc_qtde FROM itenscompra where itc_cod = NEW.itc_cod AND pro_cod = NEW.pro_cod AND com_cod = NEW.com_cod);
    SET @codigo = (SELECT pro_cod FROM itenscompra where itc_cod = NEW.itc_cod AND pro_cod = NEW.pro_cod AND com_cod = NEW.com_cod);    

    UPDATE produto SET pro_qtde = pro_qtde + @qtde WHERE produto.pro_cod = @codigo;
    
END |
DELIMITER ;

DROP TRIGGER /*!50030 IF EXISTS */ `trDecrementaEstoqueItensCompra`;
DELIMITER |
CREATE TRIGGER trDecrementaEstoqueItensCompra BEFORE DELETE
ON itenscompra
FOR EACH ROW
BEGIN
	
    SET @qtde = (SELECT itc_qtde FROM itenscompra where itc_cod = OLD.itc_cod AND pro_cod = OLD.pro_cod AND com_cod = OLD.com_cod);
    SET @codigo = (SELECT pro_cod FROM itenscompra where itc_cod = OLD.itc_cod AND pro_cod = OLD.pro_cod AND com_cod = OLD.com_cod);    

    UPDATE produto SET pro_qtde = pro_qtde - @qtde WHERE produto.pro_cod = @codigo;
    
END |
DELIMITER ;

DROP TRIGGER /*!50030 IF EXISTS */ `trIncrementaEstoqueItensVenda`;
DELIMITER |
CREATE TRIGGER trIncrementaEstoqueItensVenda AFTER INSERT
ON itensvenda
FOR EACH ROW
BEGIN
	
    SET @qtde = (SELECT itv_qtde FROM itensvenda where itv_cod = NEW.itv_cod AND pro_cod = NEW.pro_cod AND ven_cod = NEW.ven_cod);
    SET @codigo = (SELECT pro_cod FROM itensvenda where itv_cod = NEW.itv_cod AND pro_cod = NEW.pro_cod AND ven_cod = NEW.ven_cod);    

    UPDATE produto SET pro_qtde = pro_qtde + @qtde WHERE produto.pro_cod = @codigo;
    
END |
DELIMITER ;

DROP TRIGGER /*!50030 IF EXISTS */ `trDecrementaEstoqueItensVenda`;
DELIMITER |
CREATE TRIGGER trDecrementaEstoqueItensVenda BEFORE DELETE
ON itensvenda
FOR EACH ROW
BEGIN
	
    SET @qtde = (SELECT itv_qtde FROM itensvenda where itv_cod = OLD.itv_cod AND pro_cod = OLD.pro_cod AND ven_cod = OLD.ven_cod);
    SET @codigo = (SELECT pro_cod FROM itensvenda where itv_cod = OLD.itv_cod AND pro_cod = OLD.pro_cod AND ven_cod = OLD.ven_cod);    

    UPDATE produto SET pro_qtde = pro_qtde - @qtde WHERE produto.pro_cod = @codigo;
    
END |
DELIMITER ;


/*!40101 SET SQL_MODE=@OLD_SQL_MODE */;
/*!40014 SET FOREIGN_KEY_CHECKS=@OLD_FOREIGN_KEY_CHECKS */;
/*!40014 SET UNIQUE_CHECKS=@OLD_UNIQUE_CHECKS */;
/*!40101 SET CHARACTER_SET_CLIENT=@OLD_CHARACTER_SET_CLIENT */;
/*!40101 SET CHARACTER_SET_RESULTS=@OLD_CHARACTER_SET_RESULTS */;
/*!40101 SET COLLATION_CONNECTION=@OLD_COLLATION_CONNECTION */;
/*!40111 SET SQL_NOTES=@OLD_SQL_NOTES */;


-- Dump completed on 2016-11-28 13:58:01
-- Total time: 0:0:0:2:661 (d:h:m:s:ms)
